0.000000000,N
0.046439909,E
6.362267574,G
6.733786848,A7
8.452063492,E
9.798820862,Gaug
10.170340136,A7
11.842176871,E
13.235374150,G
13.606893424,A7
15.325170068,E
16.764807256,G
17.136326531,A7
18.761723356,E
20.201360544,A7
21.548117914,G
22.337596372,E
23.730793651,G7
24.055873016,A7
25.820589569,E
27.167346939,Em7
27.585306122,A7
28.885623583,G/D
29.303582766,E
30.975419501,A7
32.693696145,E
34.551292517,Dmaj7
35.247891156,A7
36.223129252,E7
37.987845805,A7
39.799002268,C
43.514195011,D
46.532789116,G6
46.950748299,C
50.433741497,D
53.777414966,C
57.213968254,D
60.836281179,C
64.226394558,D
67.755827664,Em7
68.591746032,D
69.381224490,Am
71.145941043,Em7
72.028299320,D
72.910657596,Am
74.628934240,Em7
75.557732426,D
76.486530612,Am
78.065487528,Em7
78.994285714,D
79.830204082,Am
81.641360544,E
82.848798186,G7
83.220317460,A7
84.892154195,E
86.331791383,G
86.610430839,A7
88.328707483,E
89.814784580,G
90.139863946,A7
91.858140590,E
93.344217687,G7
93.669297052,A7
95.341133787,E7
97.198730159,Dmaj7
98.034648526,Em7
100.588843537,A7
102.028480726,Em7
109.551746032,C
113.034739229,D
116.471292517,C
119.954285714,D
123.205079365,C
126.780952381,D
130.263945578,C
133.700498866,D
137.229931973,C
140.712925170,D
144.149478458,C
147.632471655,D
151.115464853,Em
152.090702948,D
152.880181406,Am
154.784217687,Em7
155.620136054,D
156.363174603,Am
158.220770975,Em
159.056689342,D
159.846167800,Am
161.750204082,Bm
163.561360544,Bb
165.000997732,Cmaj7
168.391111111,E
172.152743764,Gmaj7
174.985578231,Cmaj7
175.682176871,Bm7
177.400453515,Bbmaj7
178.886530612,Cmaj7
182.601723356,E
186.084716553,Gmaj7
189.381950113,Bm7
191.332426304,Bbmaj7
193.004263039,Bm7
194.768979592,Bbmaj7
196.347936508,Am
198.484172336,F/C
199.923809524,D
203.360362812,Cmaj7
206.750476190,D
210.279909297,C
213.716462585,D
217.199455782,C
220.682448980,D
224.351201814,E
225.790839002,A7
227.230476190,E
229.273832200,A7
230.713469388,E
232.710385488,A7
234.150022676,E
247.106757370,N